rw_ratio,io_size,reads,writes,rw_ratio_rnd,rw_ratio_seq,io_size_rnd,io_size_seq,bw_r,response_time_rnd,response_time_seq
66,92,15586,7923,27.0,71.0,20,103,2176813,4.7874007,5.319721
74,85,15905,5437,79.0,74.0,42,87,1822355,5.5542235,5.6057673
73,76,17293,6385,22.0,74.0,17,78,1804735,7.118802,6.7677174
63,95,11259,6406,52.0,64.0,31,98,1682592,5.845373,8.09928
73,82,15952,5782,53.0,74.0,30,85,1802062,5.4241405,6.03934
75,76,18734,6147,60.0,75.0,35,78,1912770,4.840341,5.0432606
50,61,5041,4949,87.0,47.0,47,62,611490,3.5523183,7.07956
76,91,43328,13033,93.0,75.0,49,93,5142791,3.1658301,6.287946
67,79,40387,19608,16.0,71.0,15,84,4740840,6.328825,7.5610113
74,81,36485,12177,92.0,74.0,48,82,3956332,2.7370033,5.798989
62,69,6899,4204,62.0,62.0,35,72,775246,4.8277373,6.2110014
64,93,12678,7098,64.0,64.0,36,97,1849859,5.452733,8.968862
84,94,23393,4316,52.0,85.0,28,95,2608711,4.3584633,7.197563
84,91,31256,5886,58.0,84.0,33,91,3380829,5.4235234,5.115733
54,58,14804,12406,40.0,57.0,25,65,1603174,4.896749,5.2074776
68,75,24014,11092,55.0,68.0,32,76,2654141,5.508512,7.4406624
84,100,51363,9751,64.0,84.0,34,101,6158673,6.2320137,5.6334743
84,90,40239,7449,81.0,84.0,43,91,4311073,4.2577567,6.093563
40,91,9123,13154,70.0,40.0,38,92,2040169,4.927798,6.7384863
59,143,8948,6013,6.0,70.0,10,169,2148252,6.1368585,7.3420305
75,109,12329,3961,38.0,78.0,24,114,1779464,6.4214582,7.6668677
69,78,8024,3563,91.0,66.0,49,82,911320,3.6088724,7.0520997
71,77,17694,7015,10.0,77.0,12,84,1915561,6.080925,7.000745
77,91,28897,8320,42.0,78.0,25,92,3411695,6.968642,6.713588
56,60,4946,3832,18.0,68.0,16,74,529834,5.0822887,7.0914993
67,76,51909,24532,62.0,68.0,35,77,5829386,6.644519,7.1786294
65,101,14414,7430,69.0,65.0,39,105,2227172,5.00348,8.650322
81,110,31355,6988,75.0,81.0,40,111,4224978,4.483409,6.5836487
75,80,10024,3273,53.0,76.0,31,82,1066588,5.5290084,4.9590993
69,83,15587,6801,87.0,67.0,47,88,1866645,3.6639793,7.437898
64,70,13459,7534,17.0,71.0,16,79,1480312,5.522992,5.1769814
69,99,22433,9844,49.0,73.0,29,113,3225421,4.9204884,5.850724
74,81,29604,10024,61.0,75.0,33,82,3230293,4.980939,7.572776
66,69,20459,10132,38.0,70.0,25,75,2129183,5.106726,6.015056
78,101,29196,7870,52.0,79.0,30,104,3778925,4.4878044,5.716573
67,72,17762,8722,75.0,66.0,39,73,1923437,5.7639675,7.072321
59,67,15097,10442,27.0,64.0,20,75,1734225,4.560226,8.179629
74,90,21621,7448,72.0,74.0,40,91,2621829,6.604901,7.689936
58,114,10873,7766,78.0,56.0,40,120,2128365,4.850825,8.720548
67,93,8311,3943,46.0,68.0,28,96,1141022,4.342537,5.8002086
56,98,9416,7384,87.0,53.0,46,102,1655127,4.2359233,8.317342
77,100,22683,6567,45.0,78.0,28,103,2943354,5.557862,6.0895276
47,76,9923,10784,59.0,46.0,34,81,1591564,5.9979553,7.497083
69,149,29701,13325,36.0,71.0,24,159,6442106,6.6427855,7.2074637
45,67,9674,11663,89.0,42.0,48,69,1447507,4.246329,7.5232716
72,77,37520,14393,36.0,72.0,22,78,4017166,9.576386,7.3571887
51,54,8640,8117,82.0,48.0,45,55,911353,4.2495637,9.549531
66,71,10913,5390,32.0,73.0,22,80,1161058,4.1344037,6.3061795
52,102,14545,13393,87.0,50.0,44,104,2855203,3.9856977,6.880915
81,88,19619,4437,39.0,83.0,25,90,2121811,6.3712487,6.0433187
46,95,8718,10228,75.0,44.0,41,98,1816029,5.44075,7.1534376
77,83,41369,12151,63.0,77.0,34,84,4467959,5.358727,5.758504
60,89,9882,6421,61.0,60.0,35,91,1458851,4.8163667,6.780725
60,85,15220,9905,42.0,63.0,26,95,2137077,4.3914037,7.7435007
80,89,21593,5102,51.0,81.0,29,91,2392524,7.016481,5.9044294
78,88,11552,3106,45.0,79.0,27,89,1297963,2.341497,6.2796535
61,69,28748,18187,17.0,65.0,15,75,3264390,6.521026,7.387725
81,101,41479,9188,79.0,81.0,42,102,5122002,5.617985,7.352645
52,59,6540,5906,70.0,51.0,39,61,744741,5.2641387,6.3455753
49,79,21527,21782,68.0,44.0,37,91,3455493,5.187449,9.599395
59,118,9716,6612,81.0,58.0,43,122,1942549,3.9497876,7.2343974
71,114,33223,13058,33.0,74.0,23,121,5278926,4.3398967,6.387605
76,85,21950,6718,78.0,76.0,43,86,2453277,2.5401578,6.328645
54,128,8673,7234,15.0,65.0,14,158,2038709,5.6042976,6.1426396
83,114,29243,5879,73.0,83.0,38,116,4029440,5.662782,5.365433
72,123,12640,4820,80.0,71.0,41,128,2164345,4.8045597,6.7662845
69,96,24279,10443,85.0,69.0,45,99,3362833,4.3396525,8.068828
67,85,36422,17492,95.0,65.0,50,87,4620194,3.5128105,5.710022
85,92,38558,6278,82.0,86.0,44,92,4133983,3.7957366,6.053667
84,93,16972,3159,82.0,84.0,45,95,1876583,3.749369,6.738924
64,74,11195,6206,79.0,63.0,43,75,1287757,3.9564743,7.703903
76,112,27106,8213,63.0,76.0,32,113,3962912,4.77486,7.3307943
75,85,13203,4226,84.0,75.0,45,87,1493367,3.5584826,5.7462378
63,76,21187,12416,77.0,62.0,41,77,2574201,5.5749145,7.6997476
77,83,33536,9991,50.0,77.0,29,83,3618120,7.2641644,5.8061485
65,75,14702,7916,30.0,69.0,21,82,1715366,4.5224233,7.1601505
47,81,9997,11204,33.0,49.0,23,89,1722967,4.474867,7.7737136
66,71,12010,5975,51.0,67.0,30,73,1292455,6.084971,5.5572834
80,87,25653,6158,46.0,81.0,28,88,2768232,6.70082,6.452142
76,87,18342,5542,85.0,76.0,46,89,2085915,7.5306163,7.3252187
59,65,19181,13196,12.0,63.0,13,70,2114232,5.6139803,7.44005
68,72,14545,6568,85.0,67.0,46,74,1530143,4.172516,6.425683
80,84,26053,6207,80.0,80.0,43,85,2724331,4.61592,5.472786
78,84,28390,7779,10.0,85.0,12,91,3053483,3.7549024,6.632755
78,120,27024,7523,88.0,77.0,46,123,4166587,4.5837593,6.7240405
77,114,25505,7486,56.0,77.0,33,116,3781733,5.6008644,5.7842426
50,69,5013,4995,77.0,47.0,41,71,692040,4.607753,6.0745425
49,62,5062,5117,85.0,47.0,47,64,640176,4.2989845,7.187222
51,64,16157,15265,81.0,50.0,44,65,2035863,4.3560696,7.9610972
61,67,8327,5225,68.0,60.0,38,69,920269,4.6538453,6.244744
70,87,17862,7438,10.0,79.0,12,99,2222460,5.751036,6.2502856
64,97,14438,7903,93.0,62.0,48,101,2181283,4.5941334,7.799362
78,121,19765,5333,46.0,80.0,28,125,3044641,5.5201244,6.3657804
64,78,13827,7694,12.0,71.0,13,87,1681418,5.0002537,5.4078636
84,124,40076,7198,69.0,85.0,37,128,5902866,4.2058825,6.0503793
54,64,17882,15172,57.0,53.0,33,65,2130614,7.453723,7.991564
54,66,9165,7623,22.0,62.0,18,79,1124521,4.100054,8.47369
72,75,18807,7132,62.0,72.0,36,76,1967661,5.7241383,5.2805104
54,104,11646,9781,23.0,58.0,17,116,2234030,4.855478,8.754193
61,61,16739,10387,60.0,62.0,33,67,1679356,4.427735,7.1739693
75,92,25277,8323,10.0,80.0,12,99,3119591,5.844632,6.8805003
61,73,11431,7103,53.0,62.0,30,74,1354644,5.3311753,6.130743
65,72,7391,3849,48.0,66.0,29,75,815681,5.626124,5.3527513
69,74,15565,6692,54.0,70.0,32,76,1656586,6.1544776,5.8999395
86,98,32452,5255,69.0,86.0,38,99,3704501,4.596037,7.7626524
64,75,9337,5155,86.0,62.0,47,78,1097361,4.0123124,6.619084
65,71,13269,7050,83.0,64.0,46,73,1453591,4.67298,8.075098
48,60,4331,4515,56.0,48.0,32,62,531548,5.591874,6.5445757
69,142,15922,7029,56.0,69.0,30,145,3280342,5.524605,9.289009
62,100,18591,11075,68.0,62.0,38,102,2985296,5.557573,6.5454392
61,68,6338,3964,47.0,62.0,28,70,700938,5.721258,5.80066
79,84,22030,5671,80.0,79.0,41,85,2343447,3.9686244,5.2581816
66,71,9158,4701,42.0,67.0,26,73,985235,6.656685,6.0036693
74,91,10508,3650,69.0,74.0,39,93,1288824,4.5631857,6.683273
74,121,17628,6159,67.0,74.0,38,126,2890921,3.5060983,6.9312325
70,80,58797,24879,82.0,69.0,44,81,6720962,5.0889444,7.0641475
69,119,11626,5080,89.0,68.0,48,124,1998130,3.6948159,5.8728256
80,93,33440,8228,16.0,84.0,15,98,3902025,5.387284,6.5935683
80,81,41142,9674,79.0,81.0,42,82,4154601,5.686236,5.7444158
66,77,20923,10672,15.0,71.0,15,84,2438371,5.4689174,6.286597
71,87,15662,6158,58.0,72.0,33,89,1901636,6.9500437,7.224955
62,118,27840,16576,32.0,65.0,22,128,5255629,4.9175725,7.057993
44,168,4853,6136,76.0,41.0,42,179,1848704,2.8151026,6.9246063
68,76,15644,7042,83.0,68.0,45,77,1738235,4.22609,7.7143674
79,100,33441,8653,48.0,82.0,29,106,4216280,4.1620603,8.793321
65,75,21376,11102,25.0,70.0,19,81,2440572,4.3374996,6.5783963
58,66,18100,13082,54.0,58.0,31,67,2067390,7.1271234,7.5841017
62,95,22092,13259,53.0,63.0,31,105,3388931,4.5044003,5.7718825
80,101,37298,9180,88.0,80.0,47,103,4740542,4.1266727,8.095033
63,75,42534,24420,34.0,66.0,23,81,5062213,5.558494,6.7438493
70,161,18523,7744,85.0,69.0,45,166,4242459,4.3929524,6.710294
61,110,18740,11966,88.0,59.0,47,113,3392677,4.171949,7.3231196
68,73,41870,19619,73.0,68.0,39,73,4497568,4.783655,7.3282676
66,90,20119,10307,59.0,66.0,32,93,2762800,5.343318,8.059664
58,131,16381,11417,89.0,56.0,47,137,3648191,3.854817,7.6478796
75,78,7708,2561,55.0,76.0,33,81,803640,3.998186,6.0840254
79,85,17173,4556,40.0,79.0,25,86,1847040,6.0160685,6.3345137
80,86,17703,4209,30.0,81.0,20,87,1888104,4.588009,5.5969872
58,65,14687,10224,83.0,57.0,46,66,1627721,4.653061,8.300377
78,83,11758,3199,58.0,79.0,34,84,1250344,4.2982635,4.683846
56,67,8979,6834,69.0,56.0,37,68,1060279,5.5226216,8.681729
66,83,15042,7523,5.0,75.0,10,94,1893852,5.762318,7.495434
70,73,6697,2811,79.0,69.0,44,75,696002,4.460554,6.229375
42,47,6226,8488,88.0,38.0,48,47,697566,4.076543,8.303818
76,110,23390,7205,64.0,76.0,37,111,3367837,4.9903865,6.06226
69,103,17726,7607,79.0,69.0,43,105,2619118,5.565695,6.21086
60,66,4008,2653,80.0,58.0,43,68,444493,4.046199,6.4482245
77,115,39000,11582,87.0,76.0,44,116,5823363,4.3679223,7.437989
54,63,11535,9500,87.0,52.0,46,65,1341188,4.32262,5.98681
53,140,9093,7794,78.0,51.0,43,150,2377423,5.051544,7.974906
44,66,7344,9143,81.0,41.0,45,68,1101791,4.3641014,7.444832
74,96,12979,4455,85.0,73.0,44,98,1679572,3.0280812,5.9110165
79,84,9510,2513,51.0,80.0,30,86,1013028,5.7665787,5.759371
76,80,7716,2426,18.0,77.0,16,82,819580,5.387936,6.141085
64,72,6864,3841,60.0,64.0,34,75,777202,6.4522986,5.0331388
66,73,20429,10199,22.0,73.0,18,82,2266345,5.1319942,5.90543
69,76,20397,9001,81.0,68.0,44,78,2260541,3.6217146,7.804376
54,60,6395,5368,19.0,64.0,16,73,710392,4.4054875,7.098304
71,78,44571,17884,61.0,71.0,34,80,4931792,6.550687,7.2622166
48,118,8232,8671,85.0,45.0,45,125,2009127,4.511149,8.301916
70,99,27700,11871,43.0,70.0,27,100,3935339,7.5325913,6.830841
66,68,10960,5444,65.0,66.0,37,69,1119537,4.6610947,5.8427544
69,81,16956,7281,21.0,76.0,16,90,1979773,5.378742,9.883405
65,132,25189,13308,90.0,64.0,48,136,5088096,4.10273,8.242432
68,102,17203,8079,87.0,67.0,45,105,2592165,5.1643033,7.5059924
68,74,18317,8312,28.0,75.0,20,83,1991718,5.240609,7.6402326
64,68,8893,4900,47.0,65.0,28,70,946167,5.245789,6.976316
78,114,15623,4205,42.0,80.0,26,117,2266167,5.4613066,6.627158
64,81,19940,11012,18.0,71.0,16,92,2530699,4.8386593,6.8305383
76,95,43476,13497,35.0,79.0,23,100,5456618,4.08808,6.3202605
81,88,18368,4155,34.0,83.0,22,90,1991534,6.594606,6.603681
77,89,21971,6426,52.0,78.0,30,91,2537170,4.705288,6.0069494
67,108,26307,12497,25.0,73.0,19,120,4199463,4.7730365,6.760882
55,134,8783,7069,88.0,53.0,46,140,2128300,4.628314,6.6424375
47,55,9570,10481,32.0,50.0,22,62,1104929,4.8922086,5.978581
74,92,33032,11014,84.0,74.0,44,94,4084972,4.2444263,5.722594
70,77,13926,5749,75.0,70.0,37,78,1515443,4.3207726,6.3537126
60,69,16642,10718,86.0,59.0,47,70,1902280,4.5047903,6.153804
77,81,20277,5971,58.0,77.0,34,82,2136655,5.926929,4.810826
52,150,3930,3511,66.0,51.0,37,157,1119799,5.3464613,6.2126617
72,82,42855,16248,85.0,72.0,45,83,4904300,3.516119,5.909603
73,84,20317,7409,72.0,73.0,39,86,2353571,6.033004,6.790633
79,81,10565,2779,63.0,79.0,36,83,1092445,4.081164,6.509751
77,90,8220,2384,40.0,79.0,25,94,963843,5.581284,7.116549
63,70,10717,6271,28.0,64.0,20,72,1193890,6.847479,6.267944
60,126,7703,4959,68.0,60.0,38,130,1601237,4.711615,7.892106
71,74,21750,8760,89.0,69.0,46,76,2270394,3.5447998,6.29117
81,104,35884,8088,76.0,81.0,42,105,4592871,4.972936,8.178516
61,72,6427,4047,75.0,59.0,41,76,763172,4.442682,6.254002
64,126,14231,7919,63.0,64.0,36,130,2806480,5.53586,8.1981945
79,81,7883,2037,19.0,81.0,16,83,809269,5.5608296,6.3027697
50,56,10925,10664,39.0,52.0,25,61,1224612,5.2158833,7.9949617
65,87,34542,18532,58.0,65.0,32,88,4639479,6.960609,8.226422
64,99,19234,10569,92.0,62.0,49,104,2973221,2.910865,6.2505126
67,71,9851,4744,62.0,67.0,36,74,1041009,5.69203,5.016917
29,54,4582,11086,68.0,24.0,39,56,851336,6.452375,7.353642
68,69,8361,3923,39.0,69.0,25,71,856605,6.2340403,6.202719
45,59,6035,7111,54.0,45.0,32,61,787173,4.922629,9.612152
53,62,5595,4813,47.0,54.0,28,64,650320,5.8409595,7.5849576
64,77,13953,7780,93.0,61.0,50,79,1673614,3.1645048,6.129062
73,80,13608,4985,22.0,80.0,17,90,1504579,5.030707,8.684478
62,90,10949,6616,87.0,60.0,47,92,1582256,3.8628628,6.9953103
72,79,15046,5753,12.0,79.0,13,86,1647743,6.303577,5.037785
64,80,8838,4890,89.0,63.0,47,82,1102302,3.844811,6.8898396
45,80,14994,17880,23.0,47.0,18,84,2656502,5.685236,6.7272425
78,92,17596,4834,52.0,79.0,30,94,2070743,5.6823854,5.313168
58,73,21422,15184,58.0,58.0,34,75,2681732,6.8708587,7.8922143
78,121,38357,10417,13.0,82.0,14,128,5937313,5.542159,5.6811414
70,82,56285,23401,80.0,70.0,44,83,6543843,5.711955,7.295322
74,92,42803,14416,78.0,74.0,40,93,5273748,5.0731626,5.478584
60,68,13967,9193,67.0,60.0,37,69,1589416,5.0238504,6.784938
74,79,10330,3581,25.0,76.0,19,82,1107968,6.3920155,5.360028
86,92,36889,5989,32.0,86.0,19,93,3970400,7.6533113,7.1458406
82,90,23693,4972,81.0,82.0,45,91,2597654,4.303743,6.7473116
71,72,9100,3641,88.0,69.0,48,75,919872,3.3076525,6.8598843
59,81,6799,4573,37.0,61.0,24,85,927500,6.3034344,6.9177194
65,106,13872,7411,61.0,65.0,33,109,2266327,5.721584,8.555077
55,107,10993,8867,76.0,53.0,40,112,2138433,4.770094,6.869922
65,132,10161,5337,61.0,65.0,34,138,2058735,5.018189,6.703789
76,86,28594,8966,22.0,79.0,17,90,3235621,4.9310985,7.7309356
67,75,10714,5255,52.0,68.0,31,78,1198722,5.3814793,5.4902983
71,77,14246,5542,50.0,72.0,29,79,1538052,6.8835053,5.835687
66,117,13433,6724,18.0,75.0,16,135,2374958,10.090056,7.6237726
72,77,19505,7369,9.0,79.0,12,84,2093578,5.723417,6.4550095
61,81,20184,12595,47.0,61.0,27,82,2661353,7.3360343,7.4357634
75,84,33874,10746,62.0,76.0,34,84,3751310,4.266912,6.410024
66,72,11964,6116,71.0,65.0,40,73,1302362,4.3387656,6.496677
67,83,10826,5308,15.0,74.0,14,93,1346987,4.854608,7.0790834
64,69,25843,14045,76.0,64.0,40,70,2777160,5.132721,7.414319
70,72,12414,5196,48.0,71.0,29,75,1283203,6.3668942,6.737301
76,83,41125,12882,75.0,76.0,38,83,4485118,5.0055113,8.553378
65,66,9447,5028,74.0,64.0,41,68,960348,4.555912,6.729372
70,130,28803,12125,54.0,72.0,32,142,5328706,3.2828667,7.3629236
75,116,19377,6175,66.0,76.0,37,118,2978440,5.6950846,7.3019657
77,84,18246,5357,66.0,77.0,36,85,1992156,5.00584,6.683767
35,64,5599,10386,89.0,28.0,48,66,1029272,4.542626,8.355018
71,74,10591,4253,12.0,80.0,13,83,1108181,5.011393,6.0456595
84,93,19302,3494,39.0,85.0,23,95,2137780,5.501004,6.010017
70,85,12995,5443,7.0,80.0,11,96,1573500,5.153508,6.613684
55,99,14268,11355,88.0,53.0,47,103,2556279,3.9142933,9.468513
68,83,31460,14397,26.0,71.0,19,87,3822361,4.5132017,8.722943
72,78,17488,6789,6.0,80.0,11,86,1904468,7.0609236,6.315302
52,62,9133,8107,84.0,49.0,46,63,1074103,3.7760158,10.183727
65,74,17230,9240,87.0,63.0,46,75,1964568,3.9260902,5.6239867
55,57,10499,8485,71.0,54.0,39,58,1099589,5.2492695,8.386035
71,78,17475,6819,75.0,71.0,40,79,1901341,4.4837594,8.483098
59,104,21404,14425,92.0,57.0,48,107,3726389,4.344192,8.344219
69,71,14526,6271,54.0,70.0,32,72,1485745,5.6609044,5.4774694
59,88,26919,18679,30.0,60.0,20,92,4020583,4.8312984,7.050726
59,59,4168,2824,75.0,57.0,42,61,416795,4.3704753,6.727786
53,72,15013,13027,29.0,57.0,21,80,2026223,5.900226,8.0245695
79,109,29233,7700,39.0,82.0,25,116,4028456,6.150767,6.9713187
67,78,7619,3651,42.0,68.0,27,80,883813,6.951324,5.125413
81,106,31732,7090,85.0,81.0,44,108,4145666,4.578163,6.771591
48,56,8271,8906,76.0,45.0,41,58,974815,4.7417345,6.9816866
72,82,7435,2809,53.0,73.0,32,85,844193,5.4444447,4.9530954
69,72,34133,15235,56.0,70.0,33,77,3586805,3.8656194,6.977141
57,63,9021,6653,18.0,65.0,16,73,996305,4.404942,6.579449
63,67,9843,5675,64.0,63.0,36,70,1054787,4.023081,7.1562724
64,92,25437,14263,81.0,63.0,43,94,3691639,4.8669662,7.524102
76,79,19379,6065,47.0,76.0,28,81,2035507,6.685811,6.084899
67,80,12846,6305,55.0,67.0,32,83,1548733,5.5516667,7.3846173
64,71,15840,8873,66.0,64.0,37,72,1765897,5.1380477,7.188966
59,128,9013,6173,22.0,67.0,18,152,1949469,6.0522666,7.863373
67,74,15764,7681,63.0,67.0,36,75,1742131,5.652633,5.8709273
67,70,41353,19925,97.0,65.0,52,71,4306849,3.447126,6.212693
60,128,16636,10899,22.0,65.0,17,143,3530947,4.9212623,6.7183146
67,71,11335,5456,23.0,68.0,18,72,1198994,7.093156,6.900224
64,64,7098,3978,57.0,64.0,33,66,711399,5.698254,5.5182257
61,69,6428,3961,50.0,62.0,30,71,718726,5.0452104,6.3802543
72,75,13885,5229,95.0,69.0,51,78,1446081,2.972195,6.13061
71,76,17326,7073,13.0,76.0,13,82,1860495,5.294264,5.513437
73,81,25762,9094,79.0,73.0,42,82,2836255,5.0590854,7.435187
75,95,16227,5387,63.0,75.0,36,98,2069333,5.5864367,6.4929953
70,71,10590,4343,88.0,69.0,48,73,1070266,4.486911,5.625817
71,74,9615,3875,82.0,70.0,44,77,1009295,4.467479,5.7055793
66,171,18006,9236,86.0,65.0,44,177,4672447,6.92429,8.117383
85,91,41135,7105,40.0,85.0,25,92,4434475,7.183897,6.676349
67,106,18056,8796,86.0,66.0,45,107,2847651,3.7805743,6.5569057
70,74,12803,5474,57.0,70.0,34,75,1352750,5.724267,5.2946844
33,60,6955,13549,33.0,33.0,22,73,1244696,5.437394,9.980801
76,92,13154,3988,25.0,78.0,19,95,1590678,7.0431924,4.9851313
55,76,5815,4667,66.0,54.0,36,80,805161,5.0620646,6.6043987
83,88,27253,5282,54.0,84.0,32,89,2866275,7.483813,5.3718357
67,76,24592,11846,33.0,70.0,22,81,2771210,4.260045,6.578434
69,74,13513,6023,73.0,68.0,41,76,1452576,5.065757,7.7104716
56,64,18158,13865,44.0,57.0,27,66,2079458,7.190766,8.077108
75,91,12101,3850,87.0,75.0,48,94,1459386,4.204111,6.675783
72,79,10839,4056,70.0,72.0,40,82,1177253,3.5959566,7.3602395
72,79,15036,5659,62.0,72.0,36,81,1650156,4.3168507,7.449596
43,87,11847,15367,64.0,42.0,36,89,2385846,5.3786926,6.3684773
75,82,12953,4187,82.0,75.0,45,83,1409735,4.1703544,5.611985
58,113,10002,7017,17.0,70.0,15,140,1931217,5.152942,6.260704
75,82,13023,4189,53.0,76.0,31,84,1413098,7.0342145,7.1268926
76,83,21046,6442,39.0,77.0,23,84,2285120,6.882962,6.713401
45,83,14717,17557,88.0,44.0,47,84,2691610,4.909138,6.944153
59,245,8535,5810,64.0,59.0,35,255,3525859,5.4974217,6.9637895
52,55,14972,13503,29.0,55.0,21,59,1584237,4.9299984,8.077378
71,93,17319,6870,66.0,71.0,37,97,2271733,4.813818,5.8814955
63,68,16722,9704,10.0,72.0,12,77,1802827,5.5379605,6.67876
47,51,9822,10882,94.0,40.0,50,51,1063791,3.928129,6.7983346
75,114,20396,6756,53.0,76.0,30,118,3113402,5.2436347,6.5728927
72,77,10559,3941,83.0,72.0,44,78,1121461,3.3723392,6.1716194
56,59,7751,5861,52.0,57.0,31,61,815600,6.129086,7.178849
70,60,12990,5547,75.0,67.0,42,68,1118019,4.795797,6.658911
72,77,10229,3876,85.0,71.0,45,79,1097677,4.031833,7.568794
77,93,37149,11048,40.0,80.0,25,99,4516422,4.4661207,6.2206707
65,79,18062,9605,36.0,68.0,24,85,2201882,4.496846,6.3778253
62,81,17946,10685,58.0,62.0,34,83,2336041,5.07726,7.984056
48,128,6421,6737,82.0,46.0,43,134,1687189,5.3342338,6.8984394
68,87,17584,8212,77.0,67.0,42,89,2259909,4.811755,7.7651963
78,82,14790,4053,28.0,79.0,21,84,1554475,6.7625513,6.0769405
80,88,31277,7663,77.0,80.0,39,89,3431536,5.0904517,7.3648534
67,79,19195,9335,25.0,72.0,19,86,2256629,5.1292863,8.224218
66,132,33139,16340,93.0,65.0,49,136,6572545,5.3942823,7.3137207
78,118,28784,8071,24.0,81.0,17,124,4361363,4.5873475,7.598211
76,82,15936,4950,14.0,82.0,14,89,1730951,6.248302,7.0314436
62,82,11943,7206,75.0,61.0,41,83,1571174,4.5270133,7.5809417
63,66,15890,9108,14.0,71.0,14,74,1653028,5.3994336,5.2363997
77,80,13914,4134,24.0,78.0,19,82,1446704,7.467241,5.907353
74,132,17145,5813,51.0,75.0,30,136,3031620,5.0120134,7.807726
60,67,24797,15930,68.0,60.0,38,69,2748490,5.2907524,7.2779994
58,63,16702,11645,95.0,54.0,50,64,1787933,3.768962,6.8421583
75,80,5953,1963,44.0,76.0,27,82,638507,5.2885647,6.680218
52,60,14640,13296,56.0,52.0,32,62,1694286,7.0371532,7.8624086
76,108,15528,4685,67.0,77.0,36,110,2187914,5.873949,6.887175
72,110,17062,6482,79.0,72.0,43,112,2603693,4.9916883,8.598841
69,75,38638,16603,67.0,69.0,38,76,4183628,6.04824,7.253639
64,115,24913,13801,23.0,68.0,18,124,4470130,5.638822,5.497697
66,95,24983,12442,58.0,66.0,33,97,3589401,4.954579,6.166433
56,53,13513,10555,95.0,45.0,52,53,1283531,3.1030877,9.353257
35,62,7325,13130,85.0,27.0,46,65,1277111,5.186117,8.140444
69,73,8884,3833,67.0,69.0,37,75,935021,4.7900167,6.2026205
52,75,12769,11614,92.0,48.0,49,77,1837237,4.466841,8.528175
63,73,13555,7883,24.0,69.0,18,82,1579992,5.013764,8.061995
82,90,16890,3639,42.0,83.0,23,92,1864432,5.7333345,7.2031193
52,59,8389,7684,75.0,49.0,41,61,949738,4.4217043,8.169262
81,107,24571,5604,69.0,81.0,39,108,3252967,3.7591007,5.5403123
70,111,11318,4699,46.0,71.0,29,115,1782116,5.6451454,6.894997
72,82,16912,6464,72.0,72.0,40,84,1917231,5.280665,7.827338
78,102,39569,11115,13.0,83.0,13,110,5209352,5.89814,6.662795
62,132,13213,7978,87.0,61.0,47,136,2807264,4.647194,8.482219
65,68,10063,5365,65.0,65.0,36,70,1060384,5.139819,5.9557123
79,95,73157,18471,18.0,81.0,15,98,8777161,5.1058226,6.3196545
86,92,49751,7499,26.0,87.0,18,93,5311657,6.3945704,5.4819193
84,91,21893,3974,42.0,85.0,26,93,2373452,6.4630637,6.089209
66,71,12016,6025,51.0,67.0,29,73,1291351,6.2605324,6.521789
54,85,5981,5085,79.0,51.0,43,89,950819,4.1618466,6.9711995
56,125,10595,8181,69.0,55.0,37,131,2355300,2.369435,9.757281
73,92,9574,3432,67.0,73.0,38,95,1197978,4.0917034,8.111222
57,76,7674,5678,55.0,57.0,33,79,1027759,4.4985723,7.6970983
73,79,10352,3653,60.0,74.0,34,81,1109558,4.233882,6.4860992
77,81,12963,3794,50.0,78.0,30,83,1362361,5.487932,7.1844773
78,81,20607,5551,68.0,78.0,37,82,2122902,5.339248,5.420924
42,152,7653,10256,26.0,47.0,19,195,2738027,4.6942964,7.743714
71,79,19214,7790,31.0,77.0,22,87,2135395,4.0825343,4.9624634
50,89,14972,14433,22.0,52.0,17,95,2641626,5.9833455,7.035643
65,70,10979,5668,66.0,65.0,37,71,1176168,5.7266536,6.6286488
70,73,11061,4640,43.0,71.0,27,74,1148265,5.974079,7.521278
76,118,14834,4473,77.0,76.0,41,120,2279304,3.9703002,6.7799964
75,83,20838,6901,38.0,76.0,24,85,2316733,7.1816564,6.1633277
77,102,19478,5706,65.0,77.0,37,103,2576154,4.485265,6.152405
64,101,13297,7194,62.0,65.0,36,105,2082334,5.1495256,8.288919
61,61,20241,12939,61.0,60.0,35,68,2040120,3.8948998,6.208966
70,130,14217,5991,87.0,69.0,45,133,2634903,3.3446043,7.3755913
56,73,16186,12294,43.0,59.0,27,81,2103432,4.108771,6.011333
79,131,25803,6593,85.0,79.0,43,136,4263821,4.9606676,5.7271714
79,96,27431,6912,84.0,79.0,45,98,3301681,3.6723235,6.6132574
81,90,66392,14903,10.0,84.0,12,93,7347765,4.932908,6.2351723
82,89,16784,3635,62.0,82.0,34,90,1825923,5.5591016,5.4980965
76,84,16560,5206,86.0,75.0,46,86,1831786,4.8775415,5.9844146
70,76,17845,7438,81.0,70.0,44,77,1937728,2.6041367,6.629135
61,68,12729,7985,25.0,67.0,19,76,1412764,5.8006353,6.782751
58,96,15088,10527,79.0,57.0,43,100,2480110,4.8109713,7.5780606
76,80,8612,2639,44.0,77.0,28,81,904540,2.0686185,6.4688005
37,57,8329,14052,32.0,38.0,22,67,1296923,5.9814696,7.042796
75,80,8742,2840,33.0,77.0,22,83,937842,5.7790766,6.1755857
73,118,23847,8596,81.0,73.0,44,120,3847868,4.969284,5.210258
68,68,14834,6799,80.0,67.0,44,71,1487094,3.388761,5.940003
54,62,7511,6210,22.0,61.0,17,71,851132,7.174161,7.6327796
67,120,11886,5769,77.0,66.0,40,126,2128824,5.532368,8.069873
77,82,26910,7680,71.0,77.0,37,83,2869918,4.3567195,5.6438327
73,81,21934,7737,17.0,78.0,14,86,2404029,5.712406,7.62553
68,118,13558,6311,63.0,68.0,36,122,2355252,5.965554,5.6045537
67,122,14555,6926,48.0,68.0,28,125,2626113,5.8173246,6.7531843
55,67,14536,11626,81.0,53.0,43,69,1764762,5.1646094,6.6798964
58,67,9521,6837,58.0,58.0,33,69,1106972,5.1404333,6.7615876
80,88,26947,6348,39.0,81.0,24,89,2948565,6.830971,6.322196
63,102,19060,10796,9.0,69.0,12,110,3052037,5.4851627,6.811135
68,86,31475,14228,22.0,73.0,17,93,3969682,4.9019694,6.9674997
67,76,12998,6259,61.0,67.0,34,79,1473545,5.09666,8.580439
72,75,9596,3599,61.0,73.0,35,77,997908,5.3667765,7.417172
74,83,25805,8750,71.0,74.0,39,84,2882370,5.7618847,4.984919
66,76,10171,5205,81.0,65.0,44,78,1181830,4.2803226,7.5076275
73,90,27870,10272,65.0,73.0,35,91,3434325,5.1185884,7.857799
69,74,14658,6543,9.0,79.0,12,85,1571539,5.4856052,7.844931
72,74,23576,8813,41.0,73.0,26,76,2424063,5.525961,6.4654775
73,79,35124,12697,44.0,73.0,27,80,3800884,6.658961,6.6136327
66,114,26754,13688,16.0,71.0,15,125,4623851,5.1210384,6.096743
61,66,9946,6176,53.0,62.0,31,68,1078386,5.85772,8.363108
84,98,26402,4912,47.0,85.0,28,99,3085674,6.394295,5.425429
52,64,14398,12881,95.0,49.0,51,65,1768049,3.1053624,7.9555016
72,97,22204,8587,75.0,72.0,42,98,2991763,5.7002707,6.555595
70,91,17883,7566,63.0,70.0,36,93,2338828,6.155163,7.5559216
80,99,35519,8481,14.0,85.0,14,106,4394513,6.12837,6.495504
45,89,11359,13854,58.0,44.0,34,90,2253689,5.500784,6.3495927
71,76,8368,3344,80.0,70.0,44,80,901303,3.957481,6.6460657
73,84,43040,15246,93.0,72.0,50,86,4920134,3.4497557,7.240072
79,89,48794,12315,78.0,79.0,43,90,5493696,4.703877,6.4043374
57,169,7946,5888,60.0,57.0,33,180,2341211,6.946758,7.1516047
70,79,29748,12182,60.0,71.0,34,79,3319131,6.269774,7.1365833
72,87,8893,3386,50.0,73.0,30,90,1073208,5.76039,7.204893
58,78,5078,3655,79.0,55.0,43,82,685644,4.4227686,6.270653
64,68,12455,6814,17.0,71.0,15,76,1323595,4.781785,6.89349
78,85,18094,4944,43.0,79.0,26,87,1979494,5.6353393,5.776457
61,67,11590,7374,87.0,59.0,46,68,1283092,4.4561324,8.107548
60,64,8363,5458,91.0,59.0,48,65,895593,3.6029181,6.5368495
66,82,24485,12102,95.0,64.0,49,85,3030022,4.6272445,5.698696
60,103,7989,5244,64.0,60.0,35,106,1364710,5.581716,7.3187575
57,80,21863,16447,58.0,56.0,34,82,3076825,6.9604893,7.7250514
75,80,10676,3386,49.0,76.0,30,82,1126309,4.6125154,6.570253
56,77,32190,24710,79.0,56.0,42,78,4416401,4.738645,5.8919735
57,88,30953,22475,73.0,57.0,40,89,4752761,5.3288565,7.910423
57,129,8134,5986,47.0,58.0,28,135,1823152,5.4243526,7.210877
44,162,7620,9396,84.0,40.0,44,175,2768775,4.6681027,8.518801
76,120,27267,8552,13.0,82.0,13,131,4325841,4.517742,6.4086323
84,91,23269,4117,43.0,86.0,27,93,2507659,5.662445,6.2195706
68,95,9365,4398,53.0,68.0,30,98,1308595,6.214286,6.754585
73,75,9540,3528,34.0,74.0,23,77,984969,6.759561,6.7358103
40,89,9909,14526,75.0,39.0,39,90,2197722,4.8341155,7.166286
81,87,13393,2985,49.0,82.0,27,88,1427802,6.361722,5.679434
68,70,15560,7276,73.0,67.0,41,72,1620808,5.1869063,5.556133
57,61,8789,6501,22.0,65.0,18,70,939961,4.4939237,6.1674805
62,117,11782,7005,71.0,62.0,39,123,2206959,5.258704,6.8154807
81,90,40549,9087,44.0,82.0,26,90,4472697,7.728365,6.968753
66,91,11461,5883,77.0,65.0,40,93,1595164,4.9436316,8.4367075
78,81,27275,7461,82.0,78.0,45,82,2834695,3.9591994,6.0326567
59,65,11506,7734,12.0,68.0,13,75,1267078,4.876837,8.332762
69,77,14801,6538,64.0,69.0,36,80,1659679,5.169404,7.9350123
75,84,30076,9789,14.0,81.0,14,91,3372427,4.9744,7.6985135
61,67,20246,12628,85.0,60.0,45,68,2211534,5.0058484,8.133657
71,80,21876,8670,17.0,78.0,15,88,2456767,5.913557,8.744524
57,68,12677,9397,18.0,64.0,16,78,1517970,5.687428,7.94956
63,98,24154,13815,63.0,63.0,33,99,3733360,5.4505243,6.2594814
66,71,18232,9321,20.0,72.0,17,78,1966534,5.2431803,7.1218853
73,90,13506,4872,65.0,73.0,36,92,1660546,5.850568,6.1826653
71,101,21206,8518,64.0,71.0,35,105,3004720,6.047236,5.33779
79,76,17168,4427,87.0,78.0,45,81,1658160,4.105048,6.5897083
64,72,9743,5361,72.0,63.0,40,74,1088658,4.8591614,6.9891853
82,89,55566,12070,78.0,82.0,42,89,6046195,5.347449,7.0930195
82,87,30583,6464,46.0,83.0,27,88,3238630,6.944292,5.7758307
68,78,19106,8639,16.0,74.0,15,84,2172495,4.4043574,6.326945
53,95,7548,6675,79.0,47.0,41,105,1354134,5.8735685,10.342095
66,84,29768,14871,92.0,65.0,48,86,3784565,3.9204001,6.0046225
68,76,22677,10472,87.0,67.0,46,77,2535792,3.6967444,7.3725934
71,83,16768,6577,64.0,72.0,37,84,1947746,2.1610806,7.4392962
78,84,17309,4754,67.0,78.0,37,85,1867492,4.7318387,5.987264
56,95,16754,12800,68.0,56.0,37,97,2831442,5.155662,6.403908
67,103,47971,23208,53.0,67.0,31,103,7342026,4.680185,8.166212
61,113,12518,7753,55.0,62.0,31,117,2304671,4.9162674,7.260069
70,75,6814,2830,37.0,72.0,24,77,726229,5.962492,4.8991547
71,97,16024,6243,16.0,77.0,15,104,2163851,5.7943063,6.768217
78,117,15314,4182,74.0,78.0,40,120,2282866,4.893725,5.763567
64,98,24090,13456,96.0,60.0,51,104,3705506,3.828755,7.9152822
49,72,10901,11182,90.0,45.0,48,74,1600829,4.105933,7.3994603
75,86,36813,12134,19.0,79.0,16,92,4256648,4.61478,6.200738
65,73,18356,9704,21.0,70.0,17,80,2059703,5.38298,8.468188
76,78,7999,2493,52.0,77.0,31,80,823787,6.4290485,7.3981442
83,90,32941,6537,91.0,82.0,49,94,3590312,4.3049173,6.527974
72,78,16760,6462,74.0,72.0,38,79,1819414,4.5456605,6.4574428
69,81,14775,6554,17.0,79.0,15,94,1735366,4.223759,6.417402
60,76,10079,6578,55.0,60.0,32,80,1277822,6.2681746,6.42092
63,81,37855,21694,12.0,68.0,13,88,4823711,6.644604,7.740022
52,133,8096,7454,68.0,50.0,38,140,2082560,5.4674864,8.429965
67,163,27247,13167,32.0,70.0,22,176,6596394,5.253178,8.101311
80,89,40067,9740,4.0,85.0,10,94,4443611,5.231596,5.513914
71,77,18721,7473,82.0,71.0,45,78,2034903,3.8587449,6.0679126
78,89,31658,8882,23.0,81.0,18,94,3646932,4.765596,6.0397277
73,77,11024,3964,27.0,75.0,20,79,1154288,5.968375,5.6946187
55,83,10423,8260,11.0,64.0,13,97,1559883,5.156932,5.427877
65,101,5569,2914,47.0,66.0,29,106,860862,5.6864176,5.2734
72,82,21944,8281,81.0,72.0,44,83,2482905,3.278989,5.9441857
76,98,18598,5708,45.0,77.0,28,100,2403377,6.20168,6.198706
82,90,48531,10268,16.0,85.0,14,94,5332514,5.7838554,6.5768304
72,112,17304,6646,25.0,77.0,18,122,2702697,4.2583046,6.5931463
83,89,25620,5058,33.0,84.0,22,91,2752333,2.7156348,6.4353228
78,96,19228,5186,39.0,80.0,25,99,2364029,5.6808515,5.179455
64,68,7526,4124,71.0,64.0,39,70,800292,5.3634343,8.327376
73,125,32572,11714,23.0,77.0,18,134,5543952,4.601876,6.872865
64,63,17931,9680,55.0,67.0,31,70,1745328,4.747596,7.385052
72,87,9732,3695,79.0,72.0,42,90,1178858,4.5628223,6.133751
68,71,10137,4589,64.0,69.0,35,72,1054065,5.0722327,7.1903462
79,135,23393,6073,81.0,79.0,42,138,3991911,5.1903872,5.877071
67,88,41758,19745,75.0,67.0,41,89,5464096,5.4944696,7.0374002
78,127,32125,8782,82.0,78.0,42,129,5229806,5.4473186,7.511836
58,83,7545,5318,79.0,57.0,43,85,1069847,2.3362865,7.6870413
68,74,34470,16020,62.0,68.0,35,75,3747032,3.636549,7.5621815
64,98,37893,20775,80.0,64.0,44,99,5807946,6.006306,6.119592
70,77,12962,5471,75.0,70.0,41,79,1429744,2.7944934,6.2417417
81,100,38895,9046,20.0,85.0,16,106,4836626,4.8380218,7.396407
49,97,23651,23989,92.0,48.0,46,99,4647680,5.290311,7.081745
74,98,37738,12653,91.0,74.0,46,100,4951506,3.8961983,6.5870757
60,95,15513,10120,21.0,67.0,17,108,2446312,5.2725234,6.344111
65,101,21365,11166,91.0,63.0,49,104,3288600,3.8065321,9.249427
75,82,14152,4603,77.0,75.0,42,85,1551106,3.482925,7.151699
57,61,8912,6670,21.0,63.0,17,69,952208,4.8515263,7.125706
63,109,21089,12156,70.0,62.0,38,114,3651177,4.5784736,7.777113
64,71,15884,8870,84.0,62.0,45,72,1768136,4.37573,8.433915
77,85,8856,2541,56.0,78.0,33,88,977186,5.3556113,6.581518
67,79,7449,3578,71.0,67.0,39,83,872561,3.8497446,7.0295315
56,66,11810,9073,54.0,56.0,32,67,1388274,4.28251,7.5097594
70,76,23983,9896,72.0,70.0,38,76,2576015,5.4796033,6.6104307
49,114,8148,8233,85.0,46.0,44,121,1882310,4.7151556,9.063375
74,109,26231,8854,70.0,74.0,37,111,3840710,5.047103,6.803784
77,106,23188,6891,85.0,76.0,44,108,3197773,4.5821133,5.683867
63,81,10516,5946,65.0,63.0,37,84,1345608,4.798534,7.469142
60,85,20319,13127,52.0,61.0,31,93,2872859,3.7524943,7.323232
75,110,12105,3865,64.0,75.0,36,111,1766411,5.0034842,5.9762435
54,55,16135,13377,85.0,50.0,47,56,1646472,4.2369604,7.3336096
65,79,10283,5368,41.0,66.0,25,81,1238840,6.7132673,6.7965784
77,124,17473,5114,59.0,77.0,33,126,2807412,5.6082993,6.9415216
42,54,5090,6964,76.0,38.0,42,55,654832,4.710676,8.450013
71,76,13421,5365,55.0,72.0,33,78,1428238,5.5736346,6.304407
61,103,14738,9303,13.0,66.0,13,112,2491814,5.873286,6.404815
78,84,14046,3855,64.0,79.0,34,86,1507609,4.8199368,6.4762955
76,82,31668,9906,96.0,74.0,51,84,3426035,2.2941432,5.778537
78,118,41868,11335,34.0,81.0,23,124,6305981,4.276515,7.5864353
59,59,10318,7137,62.0,58.0,36,61,1042222,4.5981846,5.8023577
44,56,8486,10673,90.0,39.0,48,57,1079667,4.1700115,7.0801706
76,89,38523,11760,77.0,76.0,41,90,4508368,4.6349206,6.61467
73,101,12036,4423,75.0,73.0,39,103,1671938,2.2497585,6.677981
63,105,7621,4437,70.0,62.0,39,109,1269235,6.0375166,6.35964
62,74,11075,6644,63.0,62.0,36,76,1320942,4.7475715,6.7343893
37,57,8454,13949,26.0,40.0,19,67,1284726,5.2586474,8.416202
81,114,26130,5811,69.0,82.0,38,115,3645255,5.578677,4.7100368
79,107,39802,10079,60.0,80.0,31,108,5375699,6.1069293,6.253428
50,54,8518,8454,91.0,44.0,49,55,932626,4.067634,6.4027843
79,88,49706,12757,52.0,79.0,28,88,5506303,7.6701527,6.4510183
54,108,6522,5446,70.0,52.0,38,116,1300816,5.224558,7.0277123
78,92,57426,15640,96.0,77.0,52,94,6725065,6.756356,7.0719
77,79,20497,6092,65.0,77.0,37,80,2108967,6.0891027,7.0457654
61,68,7312,4510,88.0,59.0,47,70,811405,3.987242,6.6927342
67,89,16381,7734,73.0,67.0,38,91,2168432,5.5800743,7.7368264
82,95,17979,3830,69.0,82.0,39,97,2091888,2.0856776,5.4224033
60,66,13201,8637,24.0,68.0,19,77,1455462,4.465856,6.7353115
73,80,20328,7184,80.0,73.0,44,82,2221801,2.4583628,6.036491
76,122,42747,13363,93.0,75.0,50,126,6871369,3.0164437,6.2394648
65,69,8623,4556,85.0,63.0,46,71,914085,3.448088,6.05984
82,90,16400,3495,60.0,82.0,34,91,1796043,4.8799515,6.8237066
76,80,10346,3095,69.0,77.0,39,81,1080108,3.7594805,6.1606812
80,85,18610,4606,68.0,80.0,37,87,1993610,4.528318,7.3925867
80,89,42111,9962,58.0,81.0,34,90,4643244,5.1167846,8.018338
80,110,37988,9364,65.0,80.0,34,112,5209256,4.965892,7.4477143
64,109,17262,9427,78.0,64.0,42,112,2923599,5.99414,5.8916893
81,108,37229,8416,14.0,85.0,13,114,4962677,5.128231,6.944169
66,73,6224,3103,73.0,66.0,39,76,688459,4.6783996,6.487352
65,73,17441,9109,47.0,66.0,28,74,1946625,6.0261865,6.463278
72,82,14843,5584,19.0,79.0,16,89,1676070,4.8600044,6.669873
61,113,12093,7499,20.0,67.0,17,128,2223420,5.969385,6.6521354
63,82,24167,14085,94.0,60.0,51,84,3143705,5.184009,7.6893344
60,148,10640,6982,86.0,58.0,45,156,2613904,5.534449,9.393295
73,77,12709,4610,25.0,74.0,19,79,1347080,5.9463353,7.2243195
82,84,31123,6475,97.0,79.0,53,90,3172160,1.9617015,5.6804013
74,80,15801,5278,42.0,76.0,26,83,1691523,6.4907055,7.578816
57,62,11493,8582,15.0,64.0,14,70,1260976,5.528418,6.9551764
80,103,33573,7906,92.0,79.0,49,108,4294017,3.8332245,5.625637
78,97,27197,7552,68.0,78.0,38,99,3401633,4.773131,6.190981
66,100,19944,9962,53.0,67.0,30,104,3014746,6.5282545,6.7354116
65,118,9450,4920,44.0,66.0,27,122,1696320,5.953005,6.007703
60,64,15287,10148,10.0,69.0,12,74,1644685,4.9076667,5.618026
70,106,19033,8070,73.0,70.0,40,108,2876655,5.0132747,7.2630687
51,69,6390,6131,12.0,63.0,13,86,864350,5.0923753,5.791084
69,93,37676,16696,30.0,72.0,21,98,5091815,4.853169,7.0724645
45,92,13530,15932,94.0,43.0,49,95,2731056,3.3967187,6.854255
50,61,9265,9143,93.0,47.0,50,62,1128606,4.2968216,9.010561
75,79,11790,3858,80.0,74.0,45,81,1239977,3.957913,5.9727874
70,141,11598,4838,62.0,70.0,34,146,2327541,5.70603,7.551446
61,77,16844,10570,73.0,60.0,39,79,2122910,5.6653743,7.3262672
84,99,65383,12274,20.0,87.0,16,103,7719369,4.5223136,6.6799607
73,86,23317,8504,88.0,72.0,46,88,2757554,3.4643116,6.554227
73,85,25468,9364,81.0,72.0,44,86,2979326,4.609305,6.3929873
75,85,7109,2287,61.0,76.0,35,88,804266,4.466051,6.1289253
73,79,36909,13422,29.0,77.0,21,85,4010589,5.5619135,6.645602
79,85,24001,6076,81.0,79.0,45,87,2574771,4.1276207,5.8835716
54,117,15485,12787,81.0,51.0,45,125,3335412,3.9836516,8.148397
74,102,13650,4571,43.0,76.0,27,105,1860431,5.17841,4.7699604
49,58,9269,9417,78.0,47.0,42,59,1089125,4.910594,5.6750574
74,81,8204,2876,72.0,74.0,40,83,904844,4.040385,6.1926627
61,140,10066,6171,68.0,61.0,38,149,2283327,4.81182,7.7234926
66,80,19074,9428,53.0,67.0,31,82,2287235,5.93786,7.057336
64,67,9877,5353,45.0,65.0,28,69,1024992,6.313012,5.462641
68,72,50798,23613,77.0,68.0,42,73,5427217,5.124031,7.251748
73,84,8861,3128,69.0,74.0,39,86,1015685,5.1458673,6.2913384
52,58,9845,8908,79.0,49.0,43,59,1088205,3.7860053,8.339232
65,158,20738,10883,78.0,64.0,42,164,5022090,4.4538617,8.080495
63,70,17887,10330,85.0,61.0,45,72,1976189,4.287642,5.594422
67,72,5862,2794,89.0,65.0,48,75,626044,3.7220244,6.77473
56,99,11728,8852,95.0,52.0,51,105,2056960,3.105524,8.745936
77,82,25885,7491,5.0,84.0,10,89,2754153,5.918794,5.1843657
69,74,13358,5916,16.0,77.0,15,83,1434047,5.4222107,5.0180635
58,87,10883,7610,78.0,57.0,43,91,1623187,3.9061532,6.428706
71,84,18056,7250,47.0,72.0,28,86,2145617,5.3292117,6.7219634
76,113,28087,8479,49.0,77.0,29,117,4160611,6.2165327,6.4441795
65,73,38535,20387,66.0,65.0,38,74,4351689,5.806023,6.199075
59,65,13893,9332,9.0,68.0,12,74,1520061,5.3061714,7.6137905
62,67,13666,8177,20.0,69.0,16,76,1484074,4.703024,7.076072
74,77,14419,4944,77.0,74.0,42,80,1497678,4.4511356,8.479077
71,75,18267,7304,23.0,78.0,18,83,1930481,6.02908,5.938903
85,94,22302,3747,65.0,86.0,34,95,2451106,4.3360076,7.163808
80,102,45704,11156,73.0,80.0,38,103,5833020,4.6476197,5.975651
52,55,8078,7431,37.0,54.0,24,61,864474,4.4792585,6.6335135
84,104,33600,6134,85.0,84.0,45,105,4136660,4.377235,5.152992
60,63,12936,8621,77.0,59.0,42,64,1361724,4.988198,7.621409
64,70,21387,11759,93.0,62.0,50,72,2348845,3.9358897,8.442737
66,144,13422,6630,85.0,65.0,45,151,2896380,4.34702,6.7295794
73,90,22572,7973,47.0,74.0,29,93,2774738,7.965016,8.017996
76,82,8860,2728,30.0,78.0,19,85,953630,6.3646984,5.4099193
66,102,5380,2669,72.0,66.0,40,106,825829,4.4281034,5.4347014
67,86,16693,7883,48.0,69.0,29,90,2135941,5.3712234,6.659437
82,87,39816,8372,74.0,82.0,42,87,4197629,8.120498,6.0207424
62,66,16117,9748,28.0,67.0,21,73,1719093,6.580964,6.3457527
75,78,15613,4999,45.0,76.0,27,79,1607953,6.1895127,7.2755713
54,86,17043,14377,85.0,51.0,45,89,2709533,5.2077184,9.020208
66,63,16526,8274,93.0,61.0,50,65,1566287,3.6369658,6.7642546
73,87,25269,8957,63.0,74.0,35,89,2994643,4.9085755,7.067115
78,89,31208,8642,76.0,78.0,43,90,3575300,5.003947,7.4918666
70,94,13074,5386,65.0,71.0,37,97,1742720,5.5724683,5.515206
47,59,11042,12111,34.0,50.0,23,68,1385977,4.260792,5.8606815
61,67,10580,6540,87.0,59.0,47,69,1156435,4.0,8.105333
66,72,12082,6192,19.0,76.0,16,85,1330092,4.086073,6.972603
66,76,12933,6370,47.0,67.0,29,77,1467768,4.311943,7.6243677
76,100,26506,8145,76.0,76.0,39,102,3471877,5.729791,6.071533
83,93,18934,3609,80.0,84.0,43,95,2096661,3.597865,7.730897
73,82,34014,12058,15.0,76.0,13,86,3820378,5.5001516,7.0555215
54,57,11787,9782,62.0,54.0,35,58,1245513,5.081829,7.937929
78,93,81036,22380,88.0,78.0,47,93,9626841,5.67685,6.794249
66,99,24276,11990,93.0,65.0,50,102,3614974,3.1737092,7.086953
60,115,17169,11417,25.0,64.0,19,126,3289135,5.6473045,6.7686996
67,89,38791,18362,55.0,67.0,33,90,5137210,7.224614,7.5605626
71,80,18411,7350,10.0,79.0,12,89,2076479,5.303926,5.843779
34,61,5344,10232,67.0,30.0,38,63,950255,5.831211,9.092512
62,84,36308,21394,96.0,59.0,52,88,4901779,2.787764,7.0303435
60,92,13572,8728,19.0,66.0,16,102,2065198,5.5655813,7.192501
61,72,12202,7661,87.0,59.0,47,73,1438889,3.120487,9.103053
56,89,20835,16355,61.0,55.0,34,92,3312365,7.0583844,8.488166
76,96,30969,9318,84.0,76.0,45,97,3868269,3.8414032,6.4439535
59,63,21990,14801,23.0,63.0,18,68,2347524,6.4577317,7.7041416
47,87,9034,10085,89.0,43.0,47,91,1672439,4.4174037,7.8503866
66,91,32567,16346,51.0,67.0,30,93,4473763,7.183683,8.006419
85,93,28301,4848,31.0,86.0,22,94,3099194,6.11841,5.5154033
69,83,23171,10000,75.0,69.0,41,84,2756385,5.070081,5.779277
76,102,36763,11528,19.0,80.0,15,108,4935551,5.729412,6.575387
75,79,14368,4758,45.0,76.0,28,81,1520419,5.867987,6.816324
54,80,12100,10053,19.0,60.0,16,92,1787510,6.0104775,6.802903
71,78,15575,6075,28.0,73.0,20,80,1710187,6.9469957,7.673101
68,94,40225,18151,25.0,70.0,17,97,5541156,4.4213552,6.404546
68,174,26281,11894,31.0,72.0,21,188,6655594,4.5815125,8.020373
55,129,7054,5754,82.0,53.0,44,135,1659227,4.3878427,8.335474
59,74,19014,13147,24.0,62.0,18,79,2390262,5.766776,8.38279
50,95,10550,10190,30.0,54.0,21,107,1971012,5.25332,7.6983137
71,76,21989,8886,63.0,71.0,35,77,2375134,4.8249626,6.6097836
77,86,19992,5691,85.0,77.0,46,87,2219767,3.7863164,5.8432736
84,90,24938,4412,82.0,85.0,43,91,2655560,4.5452385,6.378369
83,92,48378,9608,24.0,86.0,17,96,5376404,5.3497386,8.218116
59,115,8922,6115,85.0,56.0,44,124,1736178,4.913948,8.391033
60,66,8945,5825,69.0,59.0,39,68,975705,4.8686595,6.577387
67,80,19833,9427,12.0,74.0,13,87,2342029,5.671543,6.439821
65,69,14972,7768,10.0,74.0,12,78,1576722,4.9590964,8.038954
76,90,20558,6197,71.0,76.0,38,91,2420807,5.0732346,6.63342
69,73,10705,4751,21.0,75.0,17,81,1132111,4.8696847,6.2340355
77,83,11609,3353,46.0,78.0,28,85,1248722,6.86125,6.0837464
76,79,8865,2787,53.0,77.0,32,81,924328,5.300465,6.45884
55,80,9322,7396,81.0,53.0,43,82,1338889,3.9123998,8.277053
78,84,31039,8750,87.0,77.0,46,86,3375147,4.1944427,6.015137
70,73,20155,8510,36.0,74.0,24,78,2107096,4.6559367,6.042531
62,121,13649,8320,65.0,61.0,36,125,2679686,7.907139,6.5259547
64,117,14112,7638,86.0,63.0,46,122,2561809,3.8924,6.980808
71,98,45362,17867,72.0,71.0,40,99,6252703,6.7895646,7.398358
74,79,51502,17899,76.0,74.0,40,79,5493683,5.411391,7.1868725
75,104,40179,12890,76.0,75.0,42,104,5522154,5.0092115,6.1926117
79,82,21981,5503,54.0,80.0,32,82,2255357,6.0690866,5.0320606
77,82,12792,3703,32.0,79.0,22,85,1364595,7.025112,6.5717597
53,58,6411,5531,72.0,52.0,39,59,696339,4.7959476,7.374764
73,80,34948,12381,86.0,73.0,46,81,3797273,3.8270369,5.5497627
79,120,33563,8436,77.0,79.0,43,122,5051827,5.7198615,6.2521596
75,91,16658,5386,79.0,75.0,42,94,2024189,4.6658826,6.8322744
67,89,11244,5484,95.0,61.0,51,96,1493506,2.577912,5.898955
63,119,12448,7260,83.0,62.0,45,122,2347558,4.9122868,6.1328416
69,94,47226,21097,86.0,68.0,47,94,6438516,3.3622167,6.6457543
78,99,33436,9329,57.0,78.0,33,101,4258583,5.4418483,5.786498
66,84,15628,7900,14.0,76.0,14,97,1978213,4.9814787,6.805311
68,72,22616,10481,84.0,67.0,46,73,2405913,5.261971,6.4821887
58,81,3752,2617,48.0,59.0,29,86,522148,4.9948425,8.105568
54,153,5517,4632,74.0,52.0,39,162,1558802,5.307823,6.855519
69,124,20643,9225,66.0,69.0,36,130,3718041,6.1889687,8.669767
59,81,22146,14858,34.0,62.0,23,88,3011950,6.9418554,8.19042
55,82,24486,19294,22.0,60.0,17,91,3629758,7.3226595,7.9748154
67,89,13487,6475,82.0,66.0,45,92,1784841,4.058772,7.29661
76,82,53556,16251,64.0,76.0,36,82,5735519,5.6435213,4.8873553
54,91,12360,10338,91.0,51.0,48,94,2076155,4.007722,6.1030984
80,110,38986,9300,22.0,83.0,16,114,5312273,4.4400854,7.8277082
74,85,26353,9207,65.0,74.0,37,86,3038953,4.761045,7.0101566
73,91,26164,9594,73.0,73.0,40,93,3281446,5.3267283,6.932477
51,116,11083,10249,89.0,49.0,48,120,2475399,3.1244535,6.920083
68,74,14666,6879,43.0,68.0,26,75,1599215,5.623723,6.8183103
68,79,12323,5586,84.0,67.0,46,81,1425647,3.9967163,6.764547
80,95,44713,10992,89.0,80.0,46,95,5296166,4.1232667,6.1234393
74,81,33404,11205,89.0,74.0,47,82,3638008,3.8327157,7.8501296
62,102,11191,6605,48.0,63.0,30,105,1828281,6.55735,5.697497
78,102,27196,7605,71.0,78.0,39,104,3577270,5.8174014,6.131639
79,86,20095,5240,83.0,79.0,44,88,2188421,4.1035547,7.0107956
75,96,15612,5131,84.0,74.0,43,98,1994621,3.839678,5.7471623
66,98,8034,4104,52.0,66.0,31,100,1192293,3.477157,7.7306347
76,105,35295,10668,92.0,76.0,49,107,4844994,4.112783,6.620528
75,83,8906,2906,46.0,76.0,28,86,987796,7.008607,5.408177
73,87,21808,7978,74.0,73.0,41,89,2612086,3.9424517,6.225763
79,84,22071,5664,61.0,79.0,35,85,2343311,5.6221824,5.8079414
48,87,13853,14586,72.0,46.0,39,92,2489095,5.175056,8.711479
80,123,18499,4437,84.0,80.0,46,126,2821781,4.448566,5.295538
77,136,32003,9165,80.0,77.0,43,138,5627302,4.37452,7.0239477
67,72,10288,5031,21.0,74.0,17,80,1107899,4.627496,5.282466
68,90,13671,6376,7.0,79.0,11,105,1817778,5.262823,6.9075336
78,99,30833,8392,49.0,78.0,30,100,3906775,7.551086,7.440279
59,66,11351,7742,11.0,67.0,13,75,1270994,5.325431,6.571428
74,93,17175,5996,69.0,74.0,39,95,2173734,4.6962414,6.7800484
79,94,23876,6311,16.0,84.0,15,100,2853000,4.710613,5.9492373
83,90,28915,5564,28.0,85.0,19,92,3129536,6.621074,6.2372594
55,58,12512,9842,55.0,55.0,32,59,1312808,5.992623,8.042235
78,105,15202,4106,40.0,79.0,26,108,2046161,6.5792403,6.4185376
59,69,16307,11025,20.0,63.0,17,73,1888194,5.199509,7.1329246
75,86,34487,11195,86.0,75.0,47,87,3946431,3.9385846,6.5825105
82,97,28447,6048,59.0,83.0,32,99,3354852,4.620854,5.665255
71,77,33953,13678,95.0,69.0,51,79,3709096,3.9939625,6.7140837
73,79,14271,5135,63.0,73.0,36,80,1545322,5.1270156,7.4516377
77,85,20476,5778,70.0,78.0,36,86,2254050,4.481109,5.523104
62,74,9832,5877,76.0,61.0,43,77,1177951,4.9222255,6.368225
75,79,15114,4839,49.0,76.0,30,81,1594756,5.9075522,5.847051
79,90,20195,5188,86.0,79.0,45,91,2295078,4.097109,5.2364573
75,109,19048,6097,12.0,83.0,13,121,2765756,5.4827943,6.712091
64,69,9939,5512,69.0,63.0,39,71,1070357,4.5344768,7.042642
62,96,6484,3961,70.0,61.0,38,100,1006695,5.7817793,5.529622
59,63,6467,4482,71.0,58.0,40,65,698070,5.2673607,7.3647885
47,101,9312,10238,81.0,44.0,43,106,1989790,5.255047,7.3823595
65,81,15845,8244,17.0,70.0,15,86,1955175,5.4396205,5.9828506
63,95,12250,7192,26.0,71.0,20,113,1863811,3.9600194,5.1243076
55,66,12232,9813,84.0,53.0,45,67,1469924,3.8977253,8.905637
76,80,13349,4140,58.0,76.0,33,81,1399776,5.3320765,6.3865504
65,84,15096,7933,85.0,64.0,46,85,1945502,3.7945766,6.533347
66,68,15805,7831,43.0,71.0,28,77,1630548,6.1171665,6.787757
73,77,15784,5749,80.0,73.0,42,78,1666967,4.1926646,7.3371196
73,81,53624,19073,56.0,74.0,31,82,5897223,5.031468,7.2693677
59,83,17960,12451,33.0,62.0,22,91,2544024,4.7093906,6.8400497
61,72,26806,16682,40.0,63.0,25,76,3150294,3.9127715,7.6013403
72,80,35032,13387,41.0,73.0,25,82,3879198,7.2075305,8.236247
82,86,17877,3756,33.0,83.0,22,88,1874081,8.187002,6.173343
74,80,36845,12470,90.0,74.0,47,81,3960379,2.9833298,8.276762
77,77,9138,2679,72.0,77.0,41,80,914567,4.48302,7.332139
68,93,18218,8242,63.0,69.0,36,97,2484590,5.1154404,6.686946
62,87,21519,12876,70.0,62.0,38,88,2994384,4.7289457,8.325407
74,82,10216,3563,70.0,74.0,38,84,1133514,4.8831563,6.0344973
70,87,6477,2728,60.0,70.0,34,90,810023,3.9112754,7.7972817
59,138,16087,10729,76.0,58.0,41,145,3703814,4.3497343,8.689225
67,92,15208,7357,77.0,66.0,43,95,2080018,4.1135907,6.5339885
68,70,7870,3593,84.0,67.0,45,72,811236,4.3054013,7.7954645
74,85,23915,8259,62.0,74.0,36,88,2763465,5.862328,5.5984387
67,71,12256,5840,52.0,68.0,30,73,1300063,5.687085,6.362732
61,61,9021,5650,56.0,61.0,33,63,897315,6.435307,5.689931
70,98,6983,2909,59.0,71.0,34,101,969799,6.480776,8.83266
62,167,7767,4710,89.0,60.0,48,174,2087739,4.0374136,6.79977
65,77,6948,3664,82.0,63.0,45,81,823023,3.8097198,6.1417074
58,100,17601,12525,82.0,57.0,42,102,3019387,4.0899196,6.422554
76,94,15188,4575,80.0,76.0,42,95,1860543,2.793062,6.7931476
68,92,23976,10918,30.0,73.0,21,100,3238680,3.3521347,5.448838
66,71,22723,11697,70.0,65.0,37,72,2447682,6.3143115,7.364547
75,100,30986,10323,71.0,75.0,39,103,4149678,3.7708073,6.1313868
60,70,4367,2827,65.0,60.0,37,74,508677,4.054599,7.299496
69,108,19396,8337,68.0,69.0,37,110,3000967,5.3999085,6.825047
66,121,10529,5306,54.0,67.0,32,126,1923192,5.230404,6.297981
54,64,10244,8410,20.0,60.0,16,72,1197570,5.4652624,8.10339
49,79,8208,8392,89.0,45.0,48,82,1321199,3.696197,7.341246
74,85,27805,9478,73.0,74.0,39,85,3169792,4.7779536,6.6320534
69,99,16144,7029,16.0,75.0,14,109,2310540,5.1078687,5.418277
64,113,16357,8975,13.0,73.0,13,130,2880316,5.1745443,6.731421
59,68,12464,8599,69.0,58.0,38,69,1436340,5.756376,7.7122245
63,85,35750,20921,75.0,62.0,40,86,4872743,4.958536,6.6551023
32,47,6295,12939,76.0,26.0,42,47,905368,5.1089416,8.508106
55,64,5585,4421,70.0,54.0,38,66,647024,4.8972964,5.932816
81,86,19312,4520,47.0,81.0,27,88,2066923,6.5,6.2215934
68,74,13097,5943,23.0,76.0,18,83,1410266,4.1645684,6.69211
70,71,7549,3199,52.0,71.0,32,73,768791,4.2992063,7.5727024
76,81,27104,8240,84.0,76.0,45,82,2864772,4.3510623,7.994734
81,88,11022,2547,60.0,82.0,34,90,1195096,5.5277786,7.665888
84,90,21639,4055,58.0,84.0,32,92,2335200,4.9401393,7.072817
76,82,20462,6354,66.0,76.0,34,84,2224706,5.5444903,6.6880527
76,86,10653,3191,31.0,78.0,21,89,1202447,6.220974,5.1791344
62,68,13414,8003,14.0,69.0,14,76,1464819,5.918956,6.692452
73,82,31492,11500,18.0,78.0,14,88,3552230,6.084064,6.9204693
80,86,29012,7039,47.0,81.0,27,87,3116296,6.69652,6.48631
84,102,46016,8564,22.0,87.0,16,107,5599342,4.444807,7.2938676
77,81,11567,3405,72.0,77.0,41,83,1224744,4.6068873,6.6436973
64,72,9639,5365,58.0,64.0,34,74,1093634,4.7451253,6.4833765
66,84,15996,8094,67.0,66.0,38,86,2035357,5.901134,6.8858757
77,103,34492,10001,84.0,77.0,43,105,4594565,5.317364,6.054268
65,68,9698,5159,15.0,73.0,14,77,1020545,5.121796,5.760285
69,84,10294,4579,73.0,68.0,41,88,1262806,4.514819,7.1792974
70,82,13151,5378,51.0,71.0,29,84,1521847,7.7748766,6.2924347
67,80,5545,2640,63.0,68.0,36,83,658017,5.3557444,6.9857855
85,94,44522,7490,53.0,85.0,27,94,4896388,6.562534,5.704027
51,106,22832,21078,28.0,53.0,20,112,4692883,5.1019473,6.7874994
64,138,18687,10415,39.0,66.0,25,150,4040404,3.7963731,8.698431
70,106,18064,7675,6.0,77.0,11,118,2748459,6.1119046,6.0387163
75,79,24146,7777,17.0,81.0,15,85,2534266,5.4906898,6.61944
84,93,33354,5907,78.0,85.0,41,94,3658949,4.615974,5.97197
77,100,20369,6066,96.0,73.0,52,108,2652830,1.8905128,6.0646486
34,50,5835,11132,84.0,29.0,46,50,853141,4.8609242,9.063563
77,84,18919,5529,67.0,77.0,36,85,2061454,5.760667,6.0534005
80,114,26794,6368,26.0,83.0,19,120,3806918,4.569825,6.97911
50,125,6392,6188,75.0,48.0,40,133,1583391,4.590753,6.5488663
71,81,9926,3944,61.0,72.0,35,84,1133177,4.4286203,6.704135
74,76,14383,5004,72.0,74.0,40,78,1486825,5.116341,6.1869154
69,80,18381,7971,24.0,74.0,18,86,2122337,5.2898555,6.540192
64,66,12332,6698,73.0,64.0,40,68,1267903,5.1921697,6.520819
74,82,18370,6329,52.0,75.0,30,84,2029285,4.9891562,6.028773
77,81,13729,4060,92.0,75.0,49,83,1441002,3.7292838,6.7485957
64,72,10504,5836,15.0,74.0,14,84,1177114,4.4387407,5.648373
65,77,8538,4424,69.0,65.0,37,79,1007506,4.363116,5.1385465
40,67,4415,6508,72.0,38.0,39,70,742551,5.1443286,7.9347863
58,90,29401,20643,71.0,58.0,38,91,4551524,5.062101,6.4116087
79,89,40189,10145,23.0,82.0,18,92,4494107,4.324499,6.6854877
84,95,25146,4722,76.0,84.0,41,96,2851626,5.213241,6.2869415
70,95,27689,11527,74.0,70.0,41,96,3753622,2.9499993,6.4766374
63,80,8385,4851,83.0,61.0,45,83,1066521,3.5021904,6.336621
58,77,16555,11824,95.0,54.0,51,80,2205668,3.776701,6.9954543
77,84,27849,8100,73.0,77.0,39,85,3023568,4.5924096,6.5239725
71,121,16001,6258,65.0,72.0,36,123,2694683,4.8788853,5.664613
78,83,37437,10280,73.0,78.0,38,84,3989971,5.677564,6.283644
80,93,19418,4774,57.0,80.0,31,95,2271766,3.2746305,5.996893
57,68,11255,8173,72.0,57.0,41,69,1332256,5.2905755,7.5158257
52,169,8568,7756,60.0,51.0,35,180,2762039,7.2349005,8.823099
73,137,16871,6197,88.0,72.0,44,142,3169685,4.8299065,6.5790253
82,89,21428,4689,44.0,83.0,27,91,2340558,6.7698727,5.5242376
66,73,9025,4495,75.0,66.0,41,74,988749,4.7766542,5.8233814
69,117,16425,7194,59.0,69.0,33,121,2786197,4.6363635,8.014246
55,63,9103,7199,68.0,54.0,36,65,1029907,5.8250384,8.820593
56,128,17686,13452,49.0,58.0,30,149,3998302,4.546629,7.5265875
81,90,20499,4709,65.0,81.0,36,92,2292463,4.526468,6.625459
72,77,9150,3472,65.0,72.0,37,79,978931,4.918871,5.120892
83,96,45455,8679,20.0,88.0,15,101,5217614,4.8747077,6.8386254
71,76,12964,5294,60.0,71.0,33,78,1391887,5.1783276,7.3282785
70,78,25063,10566,17.0,74.0,15,83,2791678,5.816023,6.578952
68,84,24686,11159,68.0,68.0,39,92,3039834,3.2742712,7.371633
61,89,4726,2965,58.0,61.0,34,97,690004,4.7531023,7.8393965
75,91,39630,13108,84.0,74.0,45,92,4814334,3.7589014,5.907164
56,83,11193,8629,13.0,64.0,14,97,1657184,5.4112573,6.796994
63,108,15912,9037,78.0,63.0,42,111,2718348,4.376209,8.771703
81,90,23142,5256,82.0,81.0,45,92,2581803,4.8207307,5.9927044
50,62,11232,10845,43.0,52.0,27,69,1369016,4.575316,7.889504
74,81,38589,13445,68.0,74.0,37,82,4239095,5.251218,7.371573
64,77,9541,5143,67.0,64.0,34,80,1136007,4.934752,5.9470954
60,66,7136,4693,79.0,58.0,37,68,787926,4.1248474,6.307256
87,95,39753,5926,42.0,87.0,24,96,4372560,6.814088,6.17751
55,61,7791,6172,23.0,62.0,18,70,852891,5.1453032,5.9379115
75,80,11365,3629,45.0,77.0,28,83,1210003,6.8877845,7.271899
73,89,19719,7162,80.0,73.0,43,90,2400175,4.700184,7.1293797
79,97,20590,5267,73.0,79.0,38,99,2522965,4.979612,5.379365
48,92,12698,13274,66.0,48.0,36,93,2390277,5.419062,6.7998605
68,113,22888,10440,91.0,66.0,47,118,3787720,3.7729137,5.5009885
81,103,30761,7073,55.0,81.0,32,103,3903991,4.763469,6.234985
52,111,9864,8802,87.0,49.0,47,117,2080547,4.8729057,10.117643
75,84,25910,8275,26.0,80.0,20,90,2901739,4.5426164,6.2185817
64,80,10911,6056,57.0,64.0,33,82,1364953,5.623313,7.8001657
71,78,25205,10222,64.0,71.0,35,79,2786291,5.506436,6.459357
58,102,13058,9154,23.0,63.0,17,114,2281549,7.1572704,8.385767
63,86,13102,7432,71.0,63.0,37,89,1786357,5.819854,7.8813577
56,64,11752,9184,39.0,56.0,25,65,1355707,6.593078,6.3836536
68,74,9005,4060,66.0,69.0,37,76,973332,4.987977,6.093507
85,101,23543,4147,47.0,85.0,27,102,2799033,1.6325663,6.111103
67,71,6744,3219,35.0,69.0,23,73,707562,6.407529,4.958076
63,80,12986,7317,86.0,62.0,45,82,1629430,4.192331,8.579241
76,70,15168,4743,94.0,72.0,49,74,1397034,2.6567986,6.734978
59,86,13994,9534,87.0,57.0,47,89,2039851,3.9466531,7.253582
58,85,9101,6331,50.0,59.0,29,88,1320669,6.629768,6.6627126
69,82,15946,6926,74.0,69.0,40,84,1891233,5.362106,6.3709745
73,81,17129,6170,82.0,73.0,44,82,1899954,3.8189607,6.8437624
77,82,22455,6409,20.0,83.0,16,89,2395350,4.60583,6.4890966
65,73,18451,9749,66.0,65.0,37,73,2065260,5.1169257,7.562186
64,152,13164,7304,29.0,69.0,20,173,3118004,3.8379338,6.700464
71,78,29040,11815,9.0,76.0,12,84,3191613,6.2708836,6.8864555
79,134,21859,5499,70.0,80.0,38,136,3670716,6.2052236,7.1944494
60,69,13632,9013,45.0,60.0,27,70,1567694,4.5704584,6.971208
75,86,14584,4682,45.0,76.0,25,88,1659841,6.329645,7.001929
63,65,10240,5980,66.0,62.0,37,67,1066196,4.705241,6.0641565
70,76,23103,9613,68.0,70.0,38,77,2506753,5.5659003,5.537586
79,87,22130,5740,65.0,79.0,36,89,2437102,5.5732727,6.5066504
78,89,33174,9177,61.0,80.0,35,94,3771884,3.6120706,6.3076143
83,92,49920,9557,8.0,88.0,12,97,5475571,5.630928,6.933619
46,76,16212,18875,56.0,44.0,31,81,2683993,4.471414,7.4265575
69,114,16890,7304,25.0,75.0,18,128,2778059,4.2549257,5.7820625
56,76,13122,10241,71.0,55.0,39,78,1791610,4.913015,8.092377
75,94,24740,7896,5.0,84.0,10,104,3070256,5.473441,5.403286
66,71,13003,6617,32.0,67.0,22,73,1397440,9.077489,5.9252763
65,112,19280,10159,24.0,70.0,18,123,3308589,4.3448997,6.1137943
62,70,18600,10933,54.0,63.0,31,72,2070254,7.279588,7.8754683
65,122,13247,6903,69.0,65.0,39,127,2465698,6.340972,7.586932
74,82,18158,6153,62.0,74.0,36,83,2001810,6.269274,7.645294
71,74,8953,3621,33.0,72.0,23,76,931892,7.114441,7.7132215
80,86,25299,6264,75.0,80.0,41,87,2731176,4.1199994,5.827869
60,73,12087,7998,14.0,69.0,14,85,1475632,6.295767,6.7231736
66,95,18820,9430,79.0,66.0,43,96,2696682,5.8613987,6.2648354
82,92,21168,4447,65.0,83.0,32,93,2359828,4.9950166,6.032974
54,67,6058,5126,26.0,64.0,19,84,757135,4.3509445,7.501261
68,72,11210,5241,67.0,68.0,37,73,1185959,3.8538704,7.0590773
67,105,6546,3194,49.0,68.0,30,110,1028223,5.5012555,5.5196667
38,53,4621,7456,87.0,34.0,48,54,648304,4.3862314,10.189066
68,79,14523,6644,64.0,68.0,36,80,1679851,5.2990446,6.2217956
72,108,17485,6560,72.0,72.0,39,111,2618531,5.193215,6.616608
65,74,10943,5699,20.0,72.0,16,82,1232702,4.8826346,6.261483
75,89,9298,3027,74.0,75.0,41,92,1105162,4.335198,5.110887
61,68,10822,6762,78.0,60.0,43,70,1202453,4.622801,7.3916464
38,71,6580,10560,86.0,33.0,47,74,1231163,5.4497204,7.6529145
77,85,25631,7278,15.0,83.0,14,92,2829258,5.0752177,5.4132776
75,80,11457,3685,39.0,76.0,23,82,1217804,5.484394,4.875179
67,111,17321,8377,32.0,72.0,22,123,2861275,4.000724,7.5475626
77,82,33767,9717,15.0,81.0,14,86,3588836,5.2278314,7.5030336
60,66,17379,11553,92.0,58.0,49,67,1924077,3.7125027,7.8103375
76,115,13491,4183,80.0,76.0,40,117,2032718,4.7295604,7.0949244
60,74,6866,4395,80.0,59.0,44,76,842785,4.267897,6.128892
58,62,15113,10768,13.0,66.0,13,71,1623001,5.100353,7.4610715
72,76,6816,2642,64.0,72.0,37,77,719821,4.993109,5.9671226
81,90,28597,6402,26.0,82.0,18,91,3163036,8.561159,6.5347404
59,67,12912,8920,86.0,57.0,45,69,1481732,4.180103,5.7032995
78,84,30924,8473,48.0,78.0,28,85,3316639,6.541484,6.715001
84,90,29292,5405,78.0,84.0,43,91,3146557,5.2167473,5.430524
69,84,6379,2860,82.0,68.0,43,86,777383,3.9328818,5.6760945
54,60,6561,5588,12.0,65.0,13,73,734206,5.375288,7.171903
77,81,36186,10778,59.0,77.0,33,82,3843574,6.2883844,6.1735764
78,88,22158,5929,77.0,78.0,41,90,2474023,4.3594966,7.9361806
59,98,13294,9170,31.0,63.0,21,110,2211809,5.4724207,5.2663703
52,58,11352,10097,96.0,43.0,52,60,1262436,3.2236547,8.043033
78,84,10525,2898,34.0,79.0,22,86,1136184,5.5537524,8.03141
75,79,22259,7332,70.0,75.0,40,80,2363358,5.5620875,6.759253
72,90,31032,11783,49.0,72.0,29,92,3891516,5.071989,6.218252
73,87,31248,11162,79.0,73.0,42,88,3697425,4.508177,6.7712297
66,70,9037,4614,40.0,68.0,25,73,962854,6.530867,6.6753106
72,121,7938,3068,36.0,73.0,24,126,1340293,7.6050725,6.3404264
69,128,9550,4125,64.0,70.0,35,134,1755527,6.806991,5.9059777
67,72,14081,6700,52.0,68.0,30,73,1497688,5.546586,6.8216534
64,71,13363,7244,76.0,64.0,40,73,1483114,5.2751417,7.075293
68,75,17699,8015,40.0,69.0,25,77,1945763,6.947614,6.839023
77,85,22023,6385,17.0,83.0,14,92,2442601,4.8928475,8.150282
71,76,11292,4463,46.0,72.0,28,78,1210682,5.911147,6.5613
58,92,11987,8429,18.0,65.0,15,105,1892980,3.4690762,6.5453267
73,76,7322,2585,62.0,74.0,35,80,762183,5.028816,7.3388705
74,90,38710,13558,32.0,76.0,21,93,4706285,4.72787,6.132787
76,85,13847,4258,66.0,76.0,34,87,1540671,5.0219607,6.396969
65,94,28257,15127,28.0,69.0,21,102,4089630,5.7230225,7.83216
53,88,5848,5096,84.0,51.0,45,91,971685,4.4373126,7.3315744
71,88,59040,23903,36.0,73.0,23,93,7311617,6.0582633,7.5062313
75,81,14230,4545,90.0,74.0,48,84,1532804,3.7778082,6.865328
73,76,15635,5723,39.0,74.0,25,78,1625055,6.5169234,6.4172206
69,79,23233,10023,22.0,74.0,17,85,2642705,5.4181395,6.282173
61,94,25556,15714,76.0,61.0,41,95,3890621,5.3486824,6.2113333
82,102,45421,9709,14.0,86.0,14,107,5659555,5.206185,6.695598
64,97,26988,15142,96.0,60.0,51,101,4093444,3.042219,6.010371
67,83,13489,6612,76.0,66.0,40,85,1681282,4.9622083,7.4886603
83,91,34226,7008,71.0,83.0,38,92,3766973,5.3111677,6.167122
85,93,39194,6460,73.0,86.0,41,93,4258524,5.2354183,5.7280517
71,73,22655,9112,66.0,71.0,38,74,2333871,4.022995,5.9506044
78,81,29681,8202,75.0,78.0,40,82,3096838,5.4412127,6.511149
73,79,17394,6360,54.0,73.0,31,80,1897588,3.495726,6.37227
83,93,49643,9844,78.0,83.0,41,94,5552598,4.271622,6.513176
59,77,8355,5741,76.0,57.0,41,79,1087727,5.039337,6.7367706
38,75,6483,10404,88.0,33.0,47,78,1283029,7.417295,9.653351
54,101,22766,19349,68.0,53.0,38,102,4271661,4.796324,6.4240994
57,100,13110,9785,33.0,62.0,22,116,2303532,5.1428337,7.7081904
28,37,3814,9480,88.0,22.0,47,36,504124,4.9684463,8.781623
65,116,12148,6466,87.0,63.0,45,122,2174941,4.4398313,7.9001837
70,78,17049,7235,77.0,69.0,41,80,1907123,5.9644046,7.04812
79,85,19747,5230,56.0,79.0,31,86,2133921,6.138525,6.3511033
77,78,8930,2587,34.0,78.0,23,80,902121,5.472164,6.096496
55,111,9074,7282,77.0,53.0,40,119,1830619,5.4281526,8.464993
81,85,36019,8401,83.0,81.0,46,87,3814711,3.86468,5.747608
67,72,7270,3462,77.0,66.0,42,75,777103,4.6990356,7.7261677
69,76,17506,7564,66.0,69.0,34,77,1913946,6.034479,7.5520377
78,90,33584,9016,43.0,79.0,25,91,3849758,5.519401,6.3281064
65,75,12156,6460,54.0,65.0,31,77,1405088,5.9649796,6.2861605
73,88,34970,12860,60.0,73.0,33,90,4255820,6.3266506,6.9776616
51,97,10664,10157,41.0,53.0,25,111,2036363,4.9650474,8.885246
70,77,17605,7240,13.0,77.0,13,84,1917751,6.105555,6.087599
65,117,15021,7999,84.0,64.0,45,121,2701313,5.9997926,10.926977
73,77,7454,2640,45.0,75.0,28,79,784449,6.652298,6.428834
77,126,18560,5457,62.0,77.0,35,130,3034031,4.311586,6.5795355
71,75,18126,7336,10.0,78.0,12,83,1928020,5.281207,6.2226143
73,79,17827,6526,62.0,73.0,35,82,1942837,4.2995734,6.2852187
83,89,15596,2995,51.0,84.0,31,91,1673104,5.087182,6.788504
69,81,12117,5300,6.0,80.0,10,94,1427579,5.9227867,5.6667414
69,71,5824,2540,36.0,71.0,24,74,599884,6.7529783,5.075444
75,83,62121,20209,50.0,76.0,30,84,6889331,7.3775454,7.432907
42,97,8297,11146,69.0,42.0,38,99,1905167,5.123879,6.530298
72,107,31424,11994,92.0,71.0,48,108,4652499,4.4442925,6.53057
68,73,43872,20486,83.0,67.0,45,75,4755025,4.537854,7.1747966
73,78,13062,4693,56.0,74.0,33,79,1391703,5.116032,8.576786
60,125,17803,11510,78.0,59.0,42,129,3668350,5.1850805,7.3357744
76,82,21506,6434,28.0,78.0,21,84,2301442,6.6482024,6.4512305
81,96,25134,5834,72.0,81.0,36,98,3001538,4.4484944,6.5659003
69,72,10562,4643,57.0,70.0,34,75,1108244,4.0524936,6.611543
67,126,23377,11056,37.0,71.0,24,138,4346376,4.8983054,6.883195
63,124,20375,11922,35.0,66.0,22,137,4017240,3.7738743,8.081955
72,92,18354,6854,62.0,73.0,35,94,2336915,4.8216257,7.5164957
77,98,14686,4360,74.0,77.0,41,101,1876668,4.8298483,7.492544
70,83,47026,19503,24.0,73.0,18,86,5539848,5.2370996,7.0317636
64,71,55171,30791,89.0,61.0,46,73,6134562,4.659378,6.921565
78,87,16139,4477,58.0,78.0,32,88,1794196,5.3811607,5.769309
67,91,19113,9381,77.0,66.0,43,92,2608547,4.349634,6.49755
